Timestamp,User Count,Type,Name,Requests/s,Failures/s,50%,66%,75%,80%,90%,95%,98%,99%,99.9%,99.99%,100%,Total Request Count,Total Failure Count,Total Median Response Time,Total Average Response Time,Total Min Response Time,Total Max Response Time,Total Average Content Size
1775700457,0,,Aggregated,0.000000,0.000000,N/A,N/A,N/A,N/A,N/A,N/A,N/A,N/A,N/A,N/A,N/A,0,0,0,0.0,0,0,0
1775700458,10,GET,/test,0.000000,0.000000,0,0,0,0,0,0,0,0,0,0,0,926,0,9,10.551629158364987,4.21037501655519,41.67691699694842,50.88336933045356
1775700458,10,,Aggregated,0.000000,0.000000,0,0,0,0,0,0,0,0,0,0,0,926,0,9,10.551629158364987,4.21037501655519,41.67691699694842,50.88336933045356
1775700459,10,GET,/test,0.000000,0.000000,9,10,12,13,15,17,20,21,29,30,30,1944,0,9,10.130158914335755,3.876291972119361,41.67691699694842,51.43055555555556
1775700459,10,,Aggregated,0.000000,0.000000,9,10,12,13,15,17,20,21,29,30,30,1944,0,9,10.130158914335755,3.876291972119361,41.67691699694842,51.43055555555556
1775700460,10,GET,/test,410.000000,0.000000,9,10,11,12,14,16,19,21,28,30,30,2998,0,9,9.849981855435807,3.876291972119361,41.67691699694842,51.630753835890594
1775700460,10,,Aggregated,410.000000,0.000000,9,10,11,12,14,16,19,21,28,30,30,2998,0,9,9.849981855435807,3.876291972119361,41.67691699694842,51.630753835890594
1775700461,10,GET,/test,701.500000,0.000000,9,10,11,12,14,17,20,21,40,41,41,4001,0,9,9.868567827851571,3.876291972119361,41.67691699694842,51.723319170207446
1775700461,10,,Aggregated,701.500000,0.000000,9,10,11,12,14,17,20,21,40,41,41,4001,0,9,9.868567827851571,3.876291972119361,41.67691699694842,51.723319170207446
1775700462,10,GET,/test,810.333333,0.000000,9,10,11,12,14,16,19,21,40,41,41,5042,0,9,9.800256271716831,3.876291972119361,41.67691699694842,51.78044426814756
1775700462,10,,Aggregated,810.333333,0.000000,9,10,11,12,14,16,19,21,40,41,41,5042,0,9,9.800256271716831,3.876291972119361,41.67691699694842,51.78044426814756
1775700463,10,GET,/test,869.750000,0.000000,9,10,11,12,14,16,19,21,37,41,41,6079,0,9,9.763152100553567,3.876291972119361,41.67691699694842,51.81789768053956
1775700463,10,,Aggregated,869.750000,0.000000,9,10,11,12,14,16,19,21,37,41,41,6079,0,9,9.763152100553567,3.876291972119361,41.67691699694842,51.81789768053956
1775700464,10,GET,/test,894.800000,0.000000,9,10,11,12,14,16,19,21,36,41,41,7101,0,9,9.750450224552155,3.8168749888427556,41.67691699694842,51.844106463878326
1775700464,10,,Aggregated,894.800000,0.000000,9,10,11,12,14,16,19,21,36,41,41,7101,0,9,9.750450224552155,3.8168749888427556,41.67691699694842,51.844106463878326
1775700465,10,GET,/test,917.500000,0.000000,9,10,11,12,14,16,19,21,37,41,41,8090,0,9,9.781951101821168,2.5508750113658607,41.67691699694842,51.86316440049444
1775700465,10,,Aggregated,917.500000,0.000000,9,10,11,12,14,16,19,21,37,41,41,8090,0,9,9.781951101821168,2.5508750113658607,41.67691699694842,51.86316440049444
1775700466,10,GET,/test,933.857143,0.000000,9,10,11,12,14,16,19,21,36,41,41,9125,0,9,9.761321288539888,2.5508750113658607,41.67691699694842,51.87868493150685
1775700466,10,,Aggregated,933.857143,0.000000,9,10,11,12,14,16,19,21,36,41,41,9125,0,9,9.761321288539888,2.5508750113658607,41.67691699694842,51.87868493150685
1775700467,10,GET,/test,941.875000,0.000000,9,10,11,12,14,16,19,21,36,41,41,10137,0,9,9.76367340338712,2.5508750113658607,41.67691699694842,51.904409588635694
1775700467,10,,Aggregated,941.875000,0.000000,9,10,11,12,14,16,19,21,36,41,41,10137,0,9,9.76367340338712,2.5508750113658607,41.67691699694842,51.904409588635694
1775700468,10,GET,/test,949.444444,0.000000,9,10,11,12,14,16,19,21,37,41,41,11147,0,9,9.762690259431997,2.5508750113658607,41.67691699694842,52.00367811967345
1775700468,10,,Aggregated,949.444444,0.000000,9,10,11,12,14,16,19,21,37,41,41,11147,0,9,9.762690259431997,2.5508750113658607,41.67691699694842,52.00367811967345
1775700469,10,GET,/test,958.300000,0.000000,9,10,11,12,14,16,19,21,37,41,41,12180,0,9,9.75056859452051,2.5508750113658607,41.67691699694842,52.08817733990148
1775700469,10,,Aggregated,958.300000,0.000000,9,10,11,12,14,16,19,21,37,41,41,12180,0,9,9.75056859452051,2.5508750113658607,41.67691699694842,52.08817733990148
1775700470,10,GET,/test,1018.300000,0.000000,9,10,11,12,14,16,19,21,37,41,41,13200,0,9,9.748147678059688,2.5508750113658607,41.67691699694842,52.15863636363636
1775700470,10,,Aggregated,1018.300000,0.000000,9,10,11,12,14,16,19,21,37,41,41,13200,0,9,9.748147678059688,2.5508750113658607,41.67691699694842,52.15863636363636
1775700471,10,GET,/test,1022.200000,0.000000,9,10,11,12,14,16,19,21,35,39,39,14226,0,9,9.737802092570718,2.5508750113658607,41.67691699694842,52.21931674398988
1775700471,10,,Aggregated,1022.200000,0.000000,9,10,11,12,14,16,19,21,35,39,39,14226,0,9,9.737802092570718,2.5508750113658607,41.67691699694842,52.21931674398988
1775700472,10,GET,/test,1021.100000,0.000000,9,10,11,12,14,16,19,21,35,39,39,15228,0,9,9.748723423080326,2.5508750113658607,41.67691699694842,52.27068557919622
1775700472,10,,Aggregated,1021.100000,0.000000,9,10,11,12,14,16,19,21,35,39,39,15228,0,9,9.748723423080326,2.5508750113658607,41.67691699694842,52.27068557919622
1775700473,10,GET,/test,1017.800000,0.000000,9,10,11,12,14,16,19,21,35,39,39,16248,0,9,9.744363533746961,2.5508750113658607,41.67691699694842,52.316469719350074
1775700473,10,,Aggregated,1017.800000,0.000000,9,10,11,12,14,16,19,21,35,39,39,16248,0,9,9.744363533746961,2.5508750113658607,41.67691699694842,52.316469719350074
1775700474,10,GET,/test,1023.100000,0.000000,9,10,11,12,14,16,19,22,37,47,47,17174,0,9,9.794297577668667,2.5508750113658607,47.28045902447775,52.35332479329219
1775700474,10,,Aggregated,1023.100000,0.000000,9,10,11,12,14,16,19,22,37,47,47,17174,0,9,9.794297577668667,2.5508750113658607,47.28045902447775,52.35332479329219
1775700475,10,GET,/test,1018.400000,0.000000,9,10,11,12,14,16,19,21,37,47,47,18192,0,9,9.792159120967426,2.5508750113658607,47.28045902447775,52.389511873350926
1775700475,10,,Aggregated,1018.400000,0.000000,9,10,11,12,14,16,19,21,37,47,47,18192,0,9,9.792159120967426,2.5508750113658607,47.28045902447775,52.389511873350926
1775700476,10,GET,/test,1010.600000,0.000000,9,10,11,12,14,16,19,21,37,47,47,19207,0,9,9.789283320272771,2.5508750113658607,47.28045902447775,52.4217733118134
1775700476,10,,Aggregated,1010.600000,0.000000,9,10,11,12,14,16,19,21,37,47,47,19207,0,9,9.789283320272771,2.5508750113658607,47.28045902447775,52.4217733118134
1775700477,10,GET,/test,1010.200000,0.000000,9,10,11,12,14,16,19,21,37,47,47,20284,0,9,9.758209630759303,2.5508750113658607,47.28045902447775,52.43709327548807
1775700477,10,,Aggregated,1010.200000,0.000000,9,10,11,12,14,16,19,21,37,47,47,20284,0,9,9.758209630759303,2.5508750113658607,47.28045902447775,52.43709327548807
1775700478,10,GET,/test,1008.500000,0.000000,9,10,11,12,14,16,18,21,37,46,47,21633,0,9,9.604751234238911,2.461874973960221,47.28045902447775,52.426616742939025
1775700478,10,,Aggregated,1008.500000,0.000000,9,10,11,12,14,16,18,21,37,46,47,21633,0,9,9.604751234238911,2.461874973960221,47.28045902447775,52.426616742939025
1775700479,10,GET,/test,1008.900000,0.000000,8,10,11,11,13,15,18,21,38,46,47,23013,0,9,9.454646988714126,2.461874973960221,47.28045902447775,52.4213705297006
1775700479,10,,Aggregated,1008.900000,0.000000,8,10,11,11,13,15,18,21,38,46,47,23013,0,9,9.454646988714126,2.461874973960221,47.28045902447775,52.4213705297006
1775700480,10,GET,/test,1029.600000,0.000000,8,9,10,11,13,15,18,20,38,46,47,24433,0,8,9.307867108031616,2.461874973960221,47.28045902447775,52.43285720132607
1775700480,10,,Aggregated,1029.600000,0.000000,8,9,10,11,13,15,18,20,38,46,47,24433,0,8,9.307867108031616,2.461874973960221,47.28045902447775,52.43285720132607
1775700481,10,GET,/test,1061.000000,0.000000,8,9,10,10,13,14,17,19,37,46,47,25808,0,8,9.192142808244652,2.461874973960221,47.28045902447775,52.44362213267204
1775700481,10,,Aggregated,1061.000000,0.000000,8,9,10,10,13,14,17,19,37,46,47,25808,0,8,9.192142808244652,2.461874973960221,47.28045902447775,52.44362213267204
1775700482,10,GET,/test,1100.000000,0.000000,8,9,9,10,12,14,16,19,37,46,47,27193,0,8,9.083647889670628,2.461874973960221,47.28045902447775,52.45283712720185
1775700482,10,,Aggregated,1100.000000,0.000000,8,9,9,10,12,14,16,19,37,46,47,27193,0,8,9.083647889670628,2.461874973960221,47.28045902447775,52.45283712720185
1775700483,10,GET,/test,1138.900000,0.000000,7,8,9,10,11,13,16,18,35,38,39,28581,0,8,8.985908629209968,2.461874973960221,47.28045902447775,52.46177530527273
1775700483,10,,Aggregated,1138.900000,0.000000,7,8,9,10,11,13,16,18,35,38,39,28581,0,8,8.985908629209968,2.461874973960221,47.28045902447775,52.46177530527273
1775700484,10,GET,/test,1172.400000,0.000000,7,8,9,9,11,13,15,17,34,38,39,29984,0,8,8.894414185751758,2.338165999390185,47.28045902447775,52.469550426894344
1775700484,10,,Aggregated,1172.400000,0.000000,7,8,9,9,11,13,15,17,34,38,39,29984,0,8,8.894414185751758,2.338165999390185,47.28045902447775,52.469550426894344
1775700485,10,GET,/test,1212.800000,0.000000,7,8,8,9,10,12,14,16,34,38,39,31404,0,8,8.804554120256647,2.338165999390185,47.28045902447775,52.47681823971469
1775700485,10,,Aggregated,1212.800000,0.000000,7,8,8,9,10,12,14,16,34,38,39,31404,0,8,8.804554120256647,2.338165999390185,47.28045902447775,52.47681823971469
1775700486,10,GET,/test,1253.400000,0.000000,7,8,8,9,10,11,13,14,33,38,39,32805,0,8,8.726671790305469,2.338165999390185,47.28045902447775,52.479164761469285
1775700486,10,,Aggregated,1253.400000,0.000000,7,8,8,9,10,11,13,14,33,38,39,32805,0,8,8.726671790305469,2.338165999390185,47.28045902447775,52.479164761469285
1775700487,10,GET,/test,1295.900000,0.000000,7,8,8,9,10,11,13,14,33,38,39,33993,0,8,8.710066301927158,2.338165999390185,47.28045902447775,52.479922336951724
1775700487,10,,Aggregated,1295.900000,0.000000,7,8,8,9,10,11,13,14,33,38,39,33993,0,8,8.710066301927158,2.338165999390185,47.28045902447775,52.479922336951724
1775700488,10,GET,/test,1330.400000,0.000000,7,8,8,9,10,12,14,16,32,43,44,35097,0,8,8.714863815561321,2.338165999390185,47.28045902447775,52.48035444624897
1775700488,10,,Aggregated,1330.400000,0.000000,7,8,8,9,10,12,14,16,32,43,44,35097,0,8,8.714863815561321,2.338165999390185,47.28045902447775,52.48035444624897
1775700489,10,GET,/test,1371.100000,0.000000,7,8,9,9,11,13,16,23,51,58,62,35850,0,8,8.802947705152745,2.338165999390185,62.2649589786306,52.480306834030685
1775700489,10,,Aggregated,1371.100000,0.000000,7,8,9,9,11,13,16,23,51,58,62,35850,0,8,8.802947705152745,2.338165999390185,62.2649589786306,52.480306834030685
1775700490,10,GET,/test,1355.700000,0.000000,7,8,9,9,11,13,19,29,52,58,62,36878,0,8,8.825995884178859,2.338165999390185,62.2649589786306,52.48058463040295
1775700490,10,,Aggregated,1355.700000,0.000000,7,8,9,9,11,13,19,29,52,58,62,36878,0,8,8.825995884178859,2.338165999390185,62.2649589786306,52.48058463040295
1775700491,10,GET,/test,1332.800000,0.000000,7,8,9,10,11,14,19,29,52,58,62,38088,0,8,8.802930033880951,2.338165999390185,62.2649589786306,52.48086011342155
1775700491,10,,Aggregated,1332.800000,0.000000,7,8,9,10,11,14,19,29,52,58,62,38088,0,8,8.802930033880951,2.338165999390185,62.2649589786306,52.48086011342155
1775700492,10,GET,/test,1250.200000,0.000000,7,8,9,10,11,14,19,29,52,58,62,39482,0,8,8.739548114888999,2.338165999390185,62.2649589786306,52.48133326579201
1775700492,10,,Aggregated,1250.200000,0.000000,7,8,9,10,11,14,19,29,52,58,62,39482,0,8,8.739548114888999,2.338165999390185,62.2649589786306,52.48133326579201
1775700493,10,GET,/test,1240.500000,0.000000,7,8,9,9,11,14,19,28,52,58,62,40956,0,8,8.663680011321143,2.338165999390185,62.2649589786306,52.482127160855555
1775700493,10,,Aggregated,1240.500000,0.000000,7,8,9,9,11,14,19,28,52,58,62,40956,0,8,8.663680011321143,2.338165999390185,62.2649589786306,52.482127160855555
1775700494,10,GET,/test,1223.100000,0.000000,7,8,9,10,11,14,19,28,52,58,62,42371,0,8,8.605595518612416,2.338165999390185,62.2649589786306,52.48280663661467
1775700494,10,,Aggregated,1223.100000,0.000000,7,8,9,10,11,14,19,28,52,58,62,42371,0,8,8.605595518612416,2.338165999390185,62.2649589786306,52.48280663661467
1775700495,10,GET,/test,1230.100000,0.000000,7,8,9,9,11,14,19,27,52,58,62,43749,0,8,8.557403771907033,2.338165999390185,62.2649589786306,52.492285537955155
1775700495,10,,Aggregated,1230.100000,0.000000,7,8,9,9,11,14,19,27,52,58,62,43749,0,8,8.557403771907033,2.338165999390185,62.2649589786306,52.492285537955155
1775700496,10,GET,/test,1241.600000,0.000000,7,8,9,10,11,14,19,28,52,58,62,45023,0,8,8.532756649223817,2.338165999390185,62.2649589786306,52.506652155564936
1775700496,10,,Aggregated,1241.600000,0.000000,7,8,9,10,11,14,19,28,52,58,62,45023,0,8,8.532756649223817,2.338165999390185,62.2649589786306,52.506652155564936
1775700497,10,GET,/test,1238.900000,0.000000,7,8,9,9,11,13,19,29,53,59,62,46259,0,8,8.516790440705341,2.338165999390185,62.2649589786306,52.51983397825288
1775700497,10,,Aggregated,1238.900000,0.000000,7,8,9,9,11,13,19,29,53,59,62,46259,0,8,8.516790440705341,2.338165999390185,62.2649589786306,52.51983397825288
1775700498,10,GET,/test,1235.600000,0.000000,7,8,9,9,11,13,18,29,53,59,62,47512,0,8,8.499095484723044,2.338165999390185,62.2649589786306,52.53249705337599
1775700498,10,,Aggregated,1235.600000,0.000000,7,8,9,9,11,13,18,29,53,59,62,47512,0,8,8.499095484723044,2.338165999390185,62.2649589786306,52.53249705337599
1775700499,10,GET,/test,1221.100000,0.000000,7,8,9,9,11,12,14,16,34,51,59,48811,0,8,8.47402772156259,2.338165999390185,62.2649589786306,52.544938640880126
1775700499,10,,Aggregated,1221.100000,0.000000,7,8,9,9,11,12,14,16,34,51,59,48811,0,8,8.47402772156259,2.338165999390185,62.2649589786306,52.544938640880126
1775700500,10,GET,/test,1231.700000,0.000000,7,8,9,9,11,12,14,17,42,63,65,49991,0,8,8.470063403962811,2.338165999390185,65.23712497437373,52.55568002240403
1775700500,10,,Aggregated,1231.700000,0.000000,7,8,9,9,11,12,14,17,42,63,65,49991,0,8,8.470063403962811,2.338165999390185,65.23712497437373,52.55568002240403
1775700501,10,GET,/test,1250.000000,0.000000,7,8,8,9,10,12,14,17,42,63,65,51432,0,8,8.42339482657538,2.338165999390185,65.23712497437373,52.568128791413905
1775700501,10,,Aggregated,1250.000000,0.000000,7,8,8,9,10,12,14,17,42,63,65,51432,0,8,8.42339482657538,2.338165999390185,65.23712497437373,52.568128791413905
1775700502,10,GET,/test,1316.600000,0.000000,7,8,9,9,11,12,14,17,42,63,65,52643,0,8,8.415839245227076,2.338165999390185,65.23712497437373,52.57806356020743
1775700502,10,,Aggregated,1316.600000,0.000000,7,8,9,9,11,12,14,17,42,63,65,52643,0,8,8.415839245227076,2.338165999390185,65.23712497437373,52.57806356020743
1775700503,10,GET,/test,1311.200000,0.000000,7,8,9,9,11,12,15,17,42,63,65,53989,0,8,8.387914130912021,2.338165999390185,65.23712497437373,52.58858285947137
1775700503,10,,Aggregated,1311.200000,0.000000,7,8,9,9,11,12,15,17,42,63,65,53989,0,8,8.387914130912021,2.338165999390185,65.23712497437373,52.58858285947137
1775700504,10,GET,/test,1331.700000,0.000000,7,8,9,9,11,12,15,17,42,63,65,55401,0,8,8.35096404437431,2.338165999390185,65.23712497437373,52.59906860886988
1775700504,10,,Aggregated,1331.700000,0.000000,7,8,9,9,11,12,15,17,42,63,65,55401,0,8,8.35096404437431,2.338165999390185,65.23712497437373,52.59906860886988
1775700505,10,GET,/test,1304.200000,0.000000,7,8,9,9,11,12,15,17,42,63,65,56689,0,8,8.33409752660823,2.338165999390185,65.23712497437373,52.608177953394836
1775700505,10,,Aggregated,1304.200000,0.000000,7,8,9,9,11,12,15,17,42,63,65,56689,0,8,8.33409752660823,2.338165999390185,65.23712497437373,52.608177953394836
1775700506,10,GET,/test,1301.300000,0.000000,7,8,9,9,11,12,14,17,42,63,65,58025,0,8,8.311093888810897,2.338165999390185,65.23712497437373,52.61409737182249
1775700506,10,,Aggregated,1301.300000,0.000000,7,8,9,9,11,12,14,17,42,63,65,58025,0,8,8.311093888810897,2.338165999390185,65.23712497437373,52.61409737182249
1775700507,10,GET,/test,1296.200000,0.000000,7,8,9,9,10,12,14,16,34,63,65,59442,0,8,8.277160306760058,2.338165999390185,65.23712497437373,52.617341273846776
1775700507,10,,Aggregated,1296.200000,0.000000,7,8,9,9,10,12,14,16,34,63,65,59442,0,8,8.277160306760058,2.338165999390185,65.23712497437373,52.617341273846776
1775700508,10,GET,/test,1290.700000,0.000000,7,8,8,9,10,12,14,16,34,63,65,60876,0,7,8.243214184491617,2.338165999390185,65.23712497437373,52.621460017083905
1775700508,10,,Aggregated,1290.700000,0.000000,7,8,8,9,10,12,14,16,34,63,65,60876,0,7,8.243214184491617,2.338165999390185,65.23712497437373,52.621460017083905
1775700509,10,GET,/test,1305.600000,0.000000,7,8,8,9,10,11,13,15,30,63,65,62366,0,7,8.203589370743964,2.338165999390185,65.23712497437373,52.62524452426001
1775700509,10,,Aggregated,1305.600000,0.000000,7,8,8,9,10,11,13,15,30,63,65,62366,0,7,8.203589370743964,2.338165999390185,65.23712497437373,52.62524452426001
1775700510,10,GET,/test,1330.400000,0.000000,7,8,8,9,10,11,13,15,20,25,28,63700,0,7,8.18520118163411,2.338165999390185,65.23712497437373,52.628791208791206
1775700510,10,,Aggregated,1330.400000,0.000000,7,8,8,9,10,11,13,15,20,25,28,63700,0,7,8.18520118163411,2.338165999390185,65.23712497437373,52.628791208791206
1775700511,10,GET,/test,1343.900000,0.000000,7,8,8,9,10,12,14,15,21,28,28,65058,0,7,8.165229713148353,2.338165999390185,65.23712497437373,52.632235851086726
1775700511,10,,Aggregated,1343.900000,0.000000,7,8,8,9,10,12,14,15,21,28,28,65058,0,7,8.165229713148353,2.338165999390185,65.23712497437373,52.632235851086726
1775700512,10,GET,/test,1366.600000,0.000000,7,8,8,9,10,11,13,15,21,28,28,66489,0,7,8.136619668716166,2.338165999390185,65.23712497437373,52.6359397795124
1775700512,10,,Aggregated,1366.600000,0.000000,7,8,8,9,10,11,13,15,21,28,28,66489,0,7,8.136619668716166,2.338165999390185,65.23712497437373,52.6359397795124
1775700513,10,GET,/test,1364.400000,0.000000,7,7,8,9,10,11,13,15,21,28,28,67975,0,7,8.103165821951196,2.338165999390185,65.23712497437373,52.64094152261861
1775700513,10,,Aggregated,1364.400000,0.000000,7,7,8,9,10,11,13,15,21,28,28,67975,0,7,8.103165821951196,2.338165999390185,65.23712497437373,52.64094152261861
1775700514,10,GET,/test,1370.300000,0.000000,7,7,8,8,10,11,13,15,23,36,37,69433,0,7,8.073593105423617,2.338165999390185,65.23712497437373,52.64627770656604
1775700514,10,,Aggregated,1370.300000,0.000000,7,7,8,8,10,11,13,15,23,36,37,69433,0,7,8.073593105423617,2.338165999390185,65.23712497437373,52.64627770656604
1775700515,10,GET,/test,1393.600000,0.000000,6,7,8,8,9,11,13,14,23,36,37,70880,0,7,8.04721354803943,2.338165999390185,65.23712497437373,52.651269751693
1775700515,10,,Aggregated,1393.600000,0.000000,6,7,8,8,9,11,13,14,23,36,37,70880,0,7,8.04721354803943,2.338165999390185,65.23712497437373,52.651269751693
1775700516,10,GET,/test,1397.900000,0.000000,6,7,8,8,10,11,13,15,31,37,39,72263,0,7,8.029321177963162,2.338165999390185,65.23712497437373,52.655909663313174
1775700516,10,,Aggregated,1397.900000,0.000000,6,7,8,8,10,11,13,15,31,37,39,72263,0,7,8.029321177963162,2.338165999390185,65.23712497437373,52.655909663313174
1775700517,10,GET,/test,1406.500000,0.000000,6,7,8,8,10,11,13,15,31,37,39,73689,0,7,8.006418957756138,2.338165999390185,65.23712497437373,52.658578620961066
1775700517,10,,Aggregated,1406.500000,0.000000,6,7,8,8,10,11,13,15,31,37,39,73689,0,7,8.006418957756138,2.338165999390185,65.23712497437373,52.658578620961066
1775700518,10,GET,/test,1423.000000,0.000000,6,7,8,8,10,11,13,15,31,37,39,75150,0,7,7.980880291731434,2.338165999390185,65.23712497437373,52.66138389886893
1775700518,10,,Aggregated,1423.000000,0.000000,6,7,8,8,10,11,13,15,31,37,39,75150,0,7,7.980880291731434,2.338165999390185,65.23712497437373,52.66138389886893
1775700519,10,GET,/test,1420.100000,0.000000,6,7,8,8,10,11,13,15,35,42,42,76601,0,7,7.957548405539205,2.338165999390185,65.23712497437373,52.664025273821494
1775700519,10,,Aggregated,1420.100000,0.000000,6,7,8,8,10,11,13,15,35,42,42,76601,0,7,7.957548405539205,2.338165999390185,65.23712497437373,52.664025273821494
1775700520,10,GET,/test,1421.000000,0.000000,6,7,8,8,9,11,12,13,35,42,42,78082,0,7,7.93214730890017,2.338165999390185,65.23712497437373,52.666696549781
1775700520,10,,Aggregated,1421.000000,0.000000,6,7,8,8,9,11,12,13,35,42,42,78082,0,7,7.93214730890017,2.338165999390185,65.23712497437373,52.666696549781
1775700521,10,GET,/test,1424.200000,0.000000,6,7,8,8,9,11,12,14,35,42,42,79515,0,7,7.9120964502621405,2.338165999390185,65.23712497437373,52.66886750927498
1775700521,10,,Aggregated,1424.200000,0.000000,6,7,8,8,9,11,12,14,35,42,42,79515,0,7,7.9120964502621405,2.338165999390185,65.23712497437373,52.66886750927498
1775700522,10,GET,/test,1421.800000,0.000000,6,7,8,8,9,11,12,14,35,42,42,80938,0,7,7.8939465607724095,2.338165999390185,65.23712497437373,52.671402802144854
1775700522,10,,Aggregated,1421.800000,0.000000,6,7,8,8,9,11,12,14,35,42,42,80938,0,7,7.8939465607724095,2.338165999390185,65.23712497437373,52.671402802144854
1775700523,10,GET,/test,1442.500000,0.000000,6,7,8,8,9,11,12,14,35,42,42,82410,0,7,7.87174176164845,2.338165999390185,65.23712497437373,52.67376531974275
1775700523,10,,Aggregated,1442.500000,0.000000,6,7,8,8,9,11,12,14,35,42,42,82410,0,7,7.87174176164845,2.338165999390185,65.23712497437373,52.67376531974275
1775700524,10,GET,/test,1443.700000,0.000000,6,7,8,8,9,11,12,13,26,42,42,83868,0,7,7.85175789019085,2.338165999390185,65.23712497437373,52.676050460247055
1775700524,10,,Aggregated,1443.700000,0.000000,6,7,8,8,9,11,12,13,26,42,42,83868,0,7,7.85175789019085,2.338165999390185,65.23712497437373,52.676050460247055
1775700525,10,GET,/test,1444.300000,0.000000,6,7,8,8,9,11,12,13,26,42,42,85297,0,7,7.834941403386852,2.338165999390185,65.23712497437373,52.67849983000575
1775700525,10,,Aggregated,1444.300000,0.000000,6,7,8,8,9,11,12,13,26,42,42,85297,0,7,7.834941403386852,2.338165999390185,65.23712497437373,52.67849983000575
1775700526,10,GET,/test,1442.900000,0.000000,6,7,8,8,9,11,12,13,20,42,42,86729,0,7,7.818459191989574,2.338165999390185,65.23712497437373,52.680775749749216
1775700526,10,,Aggregated,1442.900000,0.000000,6,7,8,8,9,11,12,13,20,42,42,86729,0,7,7.818459191989574,2.338165999390185,65.23712497437373,52.680775749749216
1775700527,10,GET,/test,1444.100000,0.000000,6,7,8,8,9,11,12,13,19,42,42,88156,0,7,7.802625855145635,2.338165999390185,65.23712497437373,52.68103135350969
1775700527,10,,Aggregated,1444.100000,0.000000,6,7,8,8,9,11,12,13,19,42,42,88156,0,7,7.802625855145635,2.338165999390185,65.23712497437373,52.68103135350969
1775700528,10,GET,/test,1441.400000,0.000000,6,7,8,8,9,11,12,13,19,42,42,89630,0,7,7.783164341692986,2.338165999390185,65.23712497437373,52.68113354903492
1775700528,10,,Aggregated,1441.400000,0.000000,6,7,8,8,9,11,12,13,19,42,42,89630,0,7,7.783164341692986,2.338165999390185,65.23712497437373,52.68113354903492
1775700529,10,GET,/test,1448.800000,0.000000,6,7,8,8,9,11,12,13,18,21,24,91094,0,7,7.766037473508766,2.338165999390185,65.23712497437373,52.68142797549784
1775700529,10,,Aggregated,1448.800000,0.000000,6,7,8,8,9,11,12,13,18,21,24,91094,0,7,7.766037473508766,2.338165999390185,65.23712497437373,52.68142797549784
1775700530,10,GET,/test,1447.500000,0.000000,6,7,8,8,9,11,12,13,18,21,24,92565,0,7,7.748096584628311,2.338165999390185,65.23712497437373,52.6819208124021
1775700530,10,,Aggregated,1447.500000,0.000000,6,7,8,8,9,11,12,13,18,21,24,92565,0,7,7.748096584628311,2.338165999390185,65.23712497437373,52.6819208124021
1775700531,10,GET,/test,1448.300000,0.000000,6,7,8,8,9,11,12,13,18,22,24,93976,0,7,7.7355815256002876,2.338165999390185,65.23712497437373,52.68201455690814
1775700531,10,,Aggregated,1448.300000,0.000000,6,7,8,8,9,11,12,13,18,22,24,93976,0,7,7.7355815256002876,2.338165999390185,65.23712497437373,52.68201455690814
1775700532,10,GET,/test,1448.200000,0.000000,6,7,8,8,9,11,12,14,18,22,24,95389,0,7,7.723276164178602,2.338165999390185,65.23712497437373,52.682248477287736
1775700532,10,,Aggregated,1448.200000,0.000000,6,7,8,8,9,11,12,14,18,22,24,95389,0,7,7.723276164178602,2.338165999390185,65.23712497437373,52.682248477287736
1775700533,10,GET,/test,1448.100000,0.000000,6,7,8,8,9,11,12,14,18,22,24,96867,0,7,7.706383914840143,2.338165999390185,65.23712497437373,52.68254410686818
1775700533,10,,Aggregated,1448.100000,0.000000,6,7,8,8,9,11,12,14,18,22,24,96867,0,7,7.706383914840143,2.338165999390185,65.23712497437373,52.68254410686818
1775700534,10,GET,/test,1444.800000,0.000000,6,7,8,8,9,11,12,14,18,21,22,98326,0,7,7.69158273901499,2.338165999390185,65.23712497437373,52.68310518072534
1775700534,10,,Aggregated,1444.800000,0.000000,6,7,8,8,9,11,12,14,18,21,22,98326,0,7,7.69158273901499,2.338165999390185,65.23712497437373,52.68310518072534
1775700535,10,GET,/test,1442.400000,0.000000,6,7,8,8,9,11,12,13,18,21,22,99810,0,7,7.675420820563795,2.338165999390185,65.23712497437373,52.68325819056207
1775700535,10,,Aggregated,1442.400000,0.000000,6,7,8,8,9,11,12,13,18,21,22,99810,0,7,7.675420820563795,2.338165999390185,65.23712497437373,52.68325819056207
1775700536,10,GET,/test,1442.200000,0.000000,6,7,8,8,9,11,12,14,20,29,31,101221,0,7,7.66493876664446,2.338165999390185,65.23712497437373,52.68344513490284
1775700536,10,,Aggregated,1442.200000,0.000000,6,7,8,8,9,11,12,14,20,29,31,101221,0,7,7.66493876664446,2.338165999390185,65.23712497437373,52.68344513490284
1775700537,10,GET,/test,1443.900000,0.000000,6,7,8,8,10,11,12,14,24,32,33,102103,0,7,7.663360690268679,2.338165999390185,65.23712497437373,52.683251226702446
1775700537,10,,Aggregated,1443.900000,0.000000,6,7,8,8,10,11,12,14,24,32,33,102103,0,7,7.663360690268679,2.338165999390185,65.23712497437373,52.683251226702446
1775700538,10,GET,/test,1443.900000,0.000000,6,7,8,8,10,11,12,14,25,32,33,102103,0,7,7.663360690268679,2.338165999390185,65.23712497437373,52.683251226702446
1775700538,10,,Aggregated,1443.900000,0.000000,6,7,8,8,10,11,12,14,25,32,33,102103,0,7,7.663360690268679,2.338165999390185,65.23712497437373,52.683251226702446
1775700539,10,GET,/test,1443.900000,0.000000,6,7,8,8,10,11,12,14,25,32,33,102103,0,7,7.663360690268679,2.338165999390185,65.23712497437373,52.683251226702446
1775700539,10,,Aggregated,1443.900000,0.000000,6,7,8,8,10,11,12,14,25,32,33,102103,0,7,7.663360690268679,2.338165999390185,65.23712497437373,52.683251226702446
1775700540,10,GET,/test,1335.100000,0.000000,6,7,8,8,10,11,13,14,2900,2900,2900,102666,0,7,7.94470016132263,2.338165999390185,2937.554333009757,52.679299865583545
1775700540,10,,Aggregated,1335.100000,0.000000,6,7,8,8,10,11,13,14,2900,2900,2900,102666,0,7,7.94470016132263,2.338165999390185,2937.554333009757,52.679299865583545
1775700541,10,GET,/test,1187.600000,0.000000,6,7,8,8,10,11,13,16,2900,2900,2900,103968,0,7,7.940433438036949,2.338165999390185,2937.554333009757,52.67352454601416
1775700541,10,,Aggregated,1187.600000,0.000000,6,7,8,8,10,11,13,16,2900,2900,2900,103968,0,7,7.940433438036949,2.338165999390185,2937.554333009757,52.67352454601416
1775700542,10,GET,/test,1042.700000,0.000000,6,7,8,9,10,12,14,17,2900,2900,2900,105321,0,7,7.932093406629917,2.338165999390185,2937.554333009757,52.67016074666971
1775700542,10,,Aggregated,1042.700000,0.000000,6,7,8,9,10,12,14,17,2900,2900,2900,105321,0,7,7.932093406629917,2.338165999390185,2937.554333009757,52.67016074666971
1775700543,10,GET,/test,1002.100000,0.000000,6,7,8,9,10,12,14,17,2900,2900,2900,106764,0,7,7.9162160162687,2.338165999390185,2937.554333009757,52.66918624255367
1775700543,10,,Aggregated,1002.100000,0.000000,6,7,8,9,10,12,14,17,2900,2900,2900,106764,0,7,7.9162160162687,2.338165999390185,2937.554333009757,52.66918624255367
1775700544,10,GET,/test,992.600000,0.000000,7,7,8,9,10,12,15,18,2900,2900,2900,108132,0,7,7.906874369233834,2.338165999390185,2937.554333009757,52.66811859579033
1775700544,10,,Aggregated,992.600000,0.000000,7,7,8,9,10,12,15,18,2900,2900,2900,108132,0,7,7.906874369233834,2.338165999390185,2937.554333009757,52.66811859579033
1775700545,10,GET,/test,990.900000,0.000000,7,8,8,9,10,12,15,18,2900,2900,2900,109404,0,7,7.904493292575311,2.338165999390185,2937.554333009757,52.66730649702022
1775700545,10,,Aggregated,990.900000,0.000000,7,8,8,9,10,12,15,18,2900,2900,2900,109404,0,7,7.904493292575311,2.338165999390185,2937.554333009757,52.66730649702022
1775700546,10,GET,/test,982.100000,0.000000,7,8,9,9,11,13,16,18,2900,2900,2900,110635,0,7,7.904974121756059,2.338165999390185,2937.554333009757,52.666579292267365
1775700546,10,,Aggregated,982.100000,0.000000,7,8,9,9,11,13,16,18,2900,2900,2900,110635,0,7,7.904974121756059,2.338165999390185,2937.554333009757,52.666579292267365
1775700547,10,GET,/test,970.900000,0.000000,7,8,9,9,11,13,16,18,49,2900,2900,111900,0,7,7.903077570016981,2.338165999390185,2937.554333009757,52.66579982126899
1775700547,10,,Aggregated,970.900000,0.000000,7,8,9,9,11,13,16,18,49,2900,2900,111900,0,7,7.903077570016981,2.338165999390185,2937.554333009757,52.66579982126899
1775700548,10,GET,/test,953.200000,0.000000,7,8,9,9,11,13,15,18,46,2900,2900,113226,0,7,7.897165605142788,2.338165999390185,2937.554333009757,52.665774645399466
1775700548,10,,Aggregated,953.200000,0.000000,7,8,9,9,11,13,15,18,46,2900,2900,113226,0,7,7.897165605142788,2.338165999390185,2937.554333009757,52.665774645399466
1775700549,10,GET,/test,940.800000,0.000000,7,8,8,9,11,12,15,17,45,2900,2900,114712,0,7,7.880290771451191,2.338165999390185,2937.554333009757,52.66627728572425
1775700549,10,,Aggregated,940.800000,0.000000,7,8,8,9,11,12,15,17,45,2900,2900,114712,0,7,7.880290771451191,2.338165999390185,2937.554333009757,52.66627728572425
1775700550,10,GET,/test,1021.400000,0.000000,7,8,8,9,10,12,14,16,24,27,29,116182,0,7,7.864924990703619,2.338165999390185,2937.554333009757,52.6664801776523
1775700550,10,,Aggregated,1021.400000,0.000000,7,8,8,9,10,12,14,16,24,27,29,116182,0,7,7.864924990703619,2.338165999390185,2937.554333009757,52.6664801776523
1775700551,10,GET,/test,1165.500000,0.000000,7,8,8,9,10,12,14,16,23,26,29,117600,0,7,7.853232973863923,2.338165999390185,2937.554333009757,52.667057823129255
1775700551,10,,Aggregated,1165.500000,0.000000,7,8,8,9,10,12,14,16,23,26,29,117600,0,7,7.853232973863923,2.338165999390185,2937.554333009757,52.667057823129255
1775700552,10,GET,/test,1312.100000,0.000000,7,8,8,9,10,12,15,17,26,48,48,118898,0,7,7.849743313873418,2.338165999390185,2937.554333009757,52.66711803394506
1775700552,10,,Aggregated,1312.100000,0.000000,7,8,8,9,10,12,15,17,26,48,48,118898,0,7,7.849743313873418,2.338165999390185,2937.554333009757,52.66711803394506
1775700553,10,GET,/test,1352.900000,0.000000,7,8,8,9,10,12,15,17,30,48,48,120230,0,7,7.844303442607523,2.338165999390185,2937.554333009757,52.667512268152706
1775700553,10,,Aggregated,1352.900000,0.000000,7,8,8,9,10,12,15,17,30,48,48,120230,0,7,7.844303442607523,2.338165999390185,2937.554333009757,52.667512268152706
1775700554,10,GET,/test,1362.100000,0.000000,7,8,8,9,10,12,14,16,30,48,48,121702,0,7,7.829522665499205,2.338165999390185,2937.554333009757,52.66829633038077
1775700554,10,,Aggregated,1362.100000,0.000000,7,8,8,9,10,12,14,16,30,48,48,121702,0,7,7.829522665499205,2.338165999390185,2937.554333009757,52.66829633038077
1775700555,10,GET,/test,1355.000000,0.000000,7,7,8,9,10,11,14,16,30,48,48,123175,0,7,7.815323802582982,2.338165999390185,2937.554333009757,52.66872336107165
1775700555,10,,Aggregated,1355.000000,0.000000,7,7,8,9,10,11,14,16,30,48,48,123175,0,7,7.815323802582982,2.338165999390185,2937.554333009757,52.66872336107165
1775700556,10,GET,/test,1350.900000,0.000000,7,7,8,8,10,11,14,16,30,48,48,124590,0,7,7.805074108279863,2.338165999390185,2937.554333009757,52.668938117023835
1775700556,10,,Aggregated,1350.900000,0.000000,7,7,8,8,10,11,14,16,30,48,48,124590,0,7,7.805074108279863,2.338165999390185,2937.554333009757,52.668938117023835
1775700557,10,GET,/test,1364.300000,0.000000,6,7,8,8,10,11,13,15,32,48,48,125999,0,7,7.795360096225685,2.338165999390185,2937.554333009757,52.66928308954833
1775700557,10,,Aggregated,1364.300000,0.000000,6,7,8,8,10,11,13,15,32,48,48,125999,0,7,7.795360096225685,2.338165999390185,2937.554333009757,52.66928308954833
1775700558,10,GET,/test,1384.000000,0.000000,6,7,8,8,10,11,13,15,32,48,48,127373,0,7,7.788226281578067,2.338165999390185,2937.554333009757,52.670000706586166
1775700558,10,,Aggregated,1384.000000,0.000000,6,7,8,8,10,11,13,15,32,48,48,127373,0,7,7.788226281578067,2.338165999390185,2937.554333009757,52.670000706586166
1775700559,10,GET,/test,1384.000000,0.000000,6,7,8,8,10,11,13,15,32,48,48,127489,0,7,7.7868884429594925,2.3262500180862844,2937.554333009757,52.67017546611864
1775700559,10,,Aggregated,1384.000000,0.000000,6,7,8,8,10,11,13,15,32,48,48,127489,0,7,7.7868884429594925,2.3262500180862844,2937.554333009757,52.67017546611864
1775700560,10,GET,/test,1384.000000,0.000000,6,7,8,8,10,11,13,16,33,48,48,127489,0,7,7.7868884429594925,2.3262500180862844,2937.554333009757,52.67017546611864
1775700560,10,,Aggregated,1384.000000,0.000000,6,7,8,8,10,11,13,16,33,48,48,127489,0,7,7.7868884429594925,2.3262500180862844,2937.554333009757,52.67017546611864
1775700561,10,GET,/test,1373.100000,0.000000,7,7,8,8,10,11,14,17,48,2400,2400,128168,0,7,7.9734890595663215,2.3262500180862844,2937.554333009757,52.66883309406404
1775700561,10,,Aggregated,1373.100000,0.000000,7,7,8,8,10,11,14,17,48,2400,2400,128168,0,7,7.9734890595663215,2.3262500180862844,2937.554333009757,52.66883309406404
1775700562,10,GET,/test,1226.500000,0.000000,7,7,8,9,10,11,13,16,39,2400,2400,129502,0,7,7.966928918413896,2.3262500180862844,2937.554333009757,52.6682136183225
1775700562,10,,Aggregated,1226.500000,0.000000,7,7,8,9,10,11,13,16,39,2400,2400,129502,0,7,7.966928918413896,2.3262500180862844,2937.554333009757,52.6682136183225
1775700563,10,GET,/test,1082.600000,0.000000,7,7,8,9,10,11,13,15,38,2400,2400,130890,0,7,7.957154647647821,2.3262500180862844,2937.554333009757,52.66746886698755
1775700563,10,,Aggregated,1082.600000,0.000000,7,7,8,9,10,11,13,15,38,2400,2400,130890,0,7,7.957154647647821,2.3262500180862844,2937.554333009757,52.66746886698755
1775700564,10,GET,/test,1049.400000,0.000000,7,7,8,9,10,11,13,15,40,2400,2400,132321,0,7,7.945126118445234,2.3262500180862844,2937.554333009757,52.66662132239025
1775700564,10,,Aggregated,1049.400000,0.000000,7,7,8,9,10,11,13,15,40,2400,2400,132321,0,7,7.945126118445234,2.3262500180862844,2937.554333009757,52.66662132239025
1775700565,10,GET,/test,1055.800000,0.000000,7,7,8,9,10,11,13,15,40,2400,2400,133789,0,7,7.931073304839864,2.3262500180862844,2937.554333009757,52.66814910044921
1775700565,10,,Aggregated,1055.800000,0.000000,7,7,8,9,10,11,13,15,40,2400,2400,133789,0,7,7.931073304839864,2.3262500180862844,2937.554333009757,52.66814910044921
1775700566,10,GET,/test,1061.900000,0.000000,7,7,8,9,10,11,13,15,40,2400,2400,135192,0,7,7.920988367795595,2.3262500180862844,2937.554333009757,52.66967719983431
1775700566,10,,Aggregated,1061.900000,0.000000,7,7,8,9,10,11,13,15,40,2400,2400,135192,0,7,7.920988367795595,2.3262500180862844,2937.554333009757,52.66967719983431
1775700567,10,GET,/test,1056.800000,0.000000,7,7,8,8,10,11,13,15,40,2400,2400,136648,0,7,7.908331599455527,2.3262500180862844,2937.554333009757,52.67123558339676
1775700567,10,,Aggregated,1056.800000,0.000000,7,7,8,8,10,11,13,15,40,2400,2400,136648,0,7,7.908331599455527,2.3262500180862844,2937.554333009757,52.67123558339676
1775700568,10,GET,/test,1059.200000,0.000000,7,7,8,8,10,11,13,15,40,2400,2400,138093,0,7,7.896475030466316,2.3262500180862844,2937.554333009757,52.67253227897142
1775700568,10,,Aggregated,1059.200000,0.000000,7,7,8,8,10,11,13,15,40,2400,2400,138093,0,7,7.896475030466316,2.3262500180862844,2937.554333009757,52.67253227897142
1775700569,10,GET,/test,1057.500000,0.000000,7,7,8,8,10,11,13,14,39,2400,2400,139561,0,7,7.883402549108565,2.3262500180862844,2937.554333009757,52.672795408459386
1775700569,10,,Aggregated,1057.500000,0.000000,7,7,8,8,10,11,13,14,39,2400,2400,139561,0,7,7.883402549108565,2.3262500180862844,2937.554333009757,52.672795408459386
1775700570,10,GET,/test,1064.100000,0.000000,7,7,8,8,10,11,13,14,39,2400,2400,141023,0,7,7.8711725385265385,2.3262500180862844,2937.554333009757,52.67314551527056
1775700570,10,,Aggregated,1064.100000,0.000000,7,7,8,8,10,11,13,14,39,2400,2400,141023,0,7,7.8711725385265385,2.3262500180862844,2937.554333009757,52.67314551527056
1775700571,10,GET,/test,1111.700000,0.000000,6,7,8,8,9,11,12,14,21,40,40,142454,0,7,7.860689016369023,2.3262500180862844,2937.554333009757,52.67341036404734
1775700571,10,,Aggregated,1111.700000,0.000000,6,7,8,8,9,11,12,14,21,40,40,142454,0,7,7.860689016369023,2.3262500180862844,2937.554333009757,52.67341036404734
1775700572,10,GET,/test,1257.300000,0.000000,6,7,8,8,9,11,12,14,21,40,40,143875,0,7,7.851127687447197,2.3262500180862844,2937.554333009757,52.67364726324935
1775700572,10,,Aggregated,1257.300000,0.000000,6,7,8,8,9,11,12,14,21,40,40,143875,0,7,7.851127687447197,2.3262500180862844,2937.554333009757,52.67364726324935
1775700573,10,GET,/test,1400.500000,0.000000,6,7,8,8,9,11,12,14,21,40,40,145329,0,7,7.839891907358901,2.3262500180862844,2937.554333009757,52.67391917648921
1775700573,10,,Aggregated,1400.500000,0.000000,6,7,8,8,9,11,12,14,21,40,40,145329,0,7,7.839891907358901,2.3262500180862844,2937.554333009757,52.67391917648921
1775700574,10,GET,/test,1435.500000,0.000000,6,7,8,8,9,11,12,14,18,24,24,146839,0,7,7.825980061565702,2.3262500180862844,2937.554333009757,52.67412608366987
1775700574,10,,Aggregated,1435.500000,0.000000,6,7,8,8,9,11,12,14,18,24,24,146839,0,7,7.825980061565702,2.3262500180862844,2937.554333009757,52.67412608366987
1775700575,10,GET,/test,1439.000000,0.000000,6,7,8,8,9,11,12,14,18,24,24,148311,0,7,7.814391412403055,2.3262500180862844,2937.554333009757,52.67439367275522
1775700575,10,,Aggregated,1439.000000,0.000000,6,7,8,8,9,11,12,14,18,24,24,148311,0,7,7.814391412403055,2.3262500180862844,2937.554333009757,52.67439367275522
1775700576,10,GET,/test,1446.800000,0.000000,6,7,8,8,9,11,12,14,18,24,24,149739,0,7,7.805137019683185,2.3262500180862844,2937.554333009757,52.67460714977394
1775700576,10,,Aggregated,1446.800000,0.000000,6,7,8,8,9,11,12,14,18,24,24,149739,0,7,7.805137019683185,2.3262500180862844,2937.554333009757,52.67460714977394
1775700577,10,GET,/test,1452.100000,0.000000,6,7,8,8,9,11,12,14,19,23,26,151116,0,7,7.79869863940814,2.3262500180862844,2937.554333009757,52.67493184044046
1775700577,10,,Aggregated,1452.100000,0.000000,6,7,8,8,9,11,12,14,19,23,26,151116,0,7,7.79869863940814,2.3262500180862844,2937.554333009757,52.67493184044046
1775700578,10,GET,/test,1450.600000,0.000000,6,7,8,8,9,11,13,14,19,23,26,152530,0,7,7.790501734834811,2.3262500180862844,2937.554333009757,52.67514587294303
1775700578,10,,Aggregated,1450.600000,0.000000,6,7,8,8,9,11,13,14,19,23,26,152530,0,7,7.790501734834811,2.3262500180862844,2937.554333009757,52.67514587294303
1775700579,10,GET,/test,1453.200000,0.000000,6,7,8,8,9,11,13,14,19,23,26,153997,0,7,7.779675948222765,2.3262500180862844,2937.554333009757,52.67450015260037
1775700579,10,,Aggregated,1453.200000,0.000000,6,7,8,8,9,11,13,14,19,23,26,153997,0,7,7.779675948222765,2.3262500180862844,2937.554333009757,52.67450015260037
1775700580,10,GET,/test,1445.500000,0.000000,6,7,8,8,9,11,13,14,21,26,29,155418,0,7,7.771557450854356,2.3262500180862844,2937.554333009757,52.67377652524161
1775700580,10,,Aggregated,1445.500000,0.000000,6,7,8,8,9,11,13,14,21,26,29,155418,0,7,7.771557450854356,2.3262500180862844,2937.554333009757,52.67377652524161
1775700581,10,GET,/test,1443.200000,0.000000,6,7,8,8,10,11,13,14,23,29,32,156746,0,7,7.76843038134523,2.3262500180862844,2937.554333009757,52.673344136373494
1775700581,10,,Aggregated,1443.200000,0.000000,6,7,8,8,10,11,13,14,23,29,32,156746,0,7,7.76843038134523,2.3262500180862844,2937.554333009757,52.673344136373494
1775700582,10,GET,/test,1441.800000,0.000000,6,7,8,8,10,11,13,15,23,29,32,158124,0,7,7.762780358700894,2.3262500180862844,2937.554333009757,52.6726556373479
1775700582,10,,Aggregated,1441.800000,0.000000,6,7,8,8,10,11,13,15,23,29,32,158124,0,7,7.762780358700894,2.3262500180862844,2937.554333009757,52.6726556373479
1775700583,10,GET,/test,1431.900000,0.000000,6,7,8,8,10,11,13,15,23,29,32,159502,0,7,7.757296083953424,2.3262500180862844,2937.554333009757,52.671866183496135
1775700583,10,,Aggregated,1431.900000,0.000000,6,7,8,8,10,11,13,15,23,29,32,159502,0,7,7.757296083953424,2.3262500180862844,2937.554333009757,52.671866183496135
1775700584,10,GET,/test,1425.400000,0.000000,7,7,8,9,10,11,14,16,29,39,40,160862,0,7,7.752756071804017,2.3262500180862844,2937.554333009757,52.67120264574604
1775700584,10,,Aggregated,1425.400000,0.000000,7,7,8,9,10,11,14,16,29,39,40,160862,0,7,7.752756071804017,2.3262500180862844,2937.554333009757,52.67120264574604
1775700585,10,GET,/test,1421.000000,0.000000,7,7,8,9,10,12,14,17,29,39,40,162230,0,7,7.747977384992942,2.3262500180862844,2937.554333009757,52.67234790112803
1775700585,10,,Aggregated,1421.000000,0.000000,7,7,8,9,10,12,14,17,29,39,40,162230,0,7,7.747977384992942,2.3262500180862844,2937.554333009757,52.67234790112803
1775700586,10,GET,/test,1411.300000,0.000000,7,8,8,9,10,12,14,17,29,39,40,163589,0,7,7.743486055650633,2.3262500180862844,2937.554333009757,52.675069839659145
1775700586,10,,Aggregated,1411.300000,0.000000,7,8,8,9,10,12,14,17,29,39,40,163589,0,7,7.743486055650633,2.3262500180862844,2937.554333009757,52.675069839659145
1775700587,10,GET,/test,1397.000000,0.000000,7,8,8,9,10,12,15,17,29,39,40,164935,0,7,7.739957284885693,2.3262500180862844,2937.554333009757,52.67772152666202
1775700587,10,,Aggregated,1397.000000,0.000000,7,8,8,9,10,12,15,17,29,39,40,164935,0,7,7.739957284885693,2.3262500180862844,2937.554333009757,52.67772152666202
1775700588,10,GET,/test,1388.600000,0.000000,7,8,8,9,11,13,16,20,32,39,40,165959,0,7,7.751381712188012,2.3262500180862844,2937.554333009757,52.67971004886749
1775700588,10,,Aggregated,1388.600000,0.000000,7,8,8,9,11,13,16,20,32,39,40,165959,0,7,7.751381712188012,2.3262500180862844,2937.554333009757,52.67971004886749
1775700589,10,GET,/test,1382.900000,0.000000,7,8,9,9,11,14,19,23,37,41,43,166944,0,7,7.764785808340997,2.3262500180862844,2937.554333009757,52.681599817903006
1775700589,10,,Aggregated,1382.900000,0.000000,7,8,9,9,11,14,19,23,37,41,43,166944,0,7,7.764785808340997,2.3262500180862844,2937.554333009757,52.681599817903006
1775700590,10,GET,/test,1376.500000,0.000000,7,8,9,9,12,15,20,25,39,43,45,167946,0,7,7.777003664180729,2.3262500180862844,2937.554333009757,52.68349945815917
1775700590,10,,Aggregated,1376.500000,0.000000,7,8,9,9,12,15,20,25,39,43,45,167946,0,7,7.777003664180729,2.3262500180862844,2937.554333009757,52.68349945815917
1775700591,10,GET,/test,1318.400000,0.000000,7,8,9,10,13,17,24,29,50,64,70,168654,0,7,7.8025747156821765,2.3262500180862844,2937.554333009757,52.68482810962088
1775700591,10,,Aggregated,1318.400000,0.000000,7,8,9,10,13,17,24,29,50,64,70,168654,0,7,7.8025747156821765,2.3262500180862844,2937.554333009757,52.68482810962088
1775700592,10,GET,/test,1281.700000,0.000000,7,8,9,10,13,17,25,30,50,64,70,169840,0,7,7.806080874020653,2.3262500180862844,2937.554333009757,52.687028968440885
1775700592,10,,Aggregated,1281.700000,0.000000,7,8,9,10,13,17,25,30,50,64,70,169840,0,7,7.806080874020653,2.3262500180862844,2937.554333009757,52.687028968440885
1775700593,10,GET,/test,1239.900000,0.000000,7,8,9,10,14,19,28,34,52,72,73,170936,0,7,7.813843817756547,2.3262500180862844,2937.554333009757,52.68903566247016
1775700593,10,,Aggregated,1239.900000,0.000000,7,8,9,10,14,19,28,34,52,72,73,170936,0,7,7.813843817756547,2.3262500180862844,2937.554333009757,52.68903566247016
1775700594,10,GET,/test,1183.200000,0.000000,7,9,10,10,14,20,29,35,52,72,73,172129,0,7,7.81664740742982,2.3262500180862844,2937.554333009757,52.69119090914372
1775700594,10,,Aggregated,1183.200000,0.000000,7,9,10,10,14,20,29,35,52,72,73,172129,0,7,7.81664740742982,2.3262500180862844,2937.554333009757,52.69119090914372
1775700595,10,GET,/test,1157.700000,0.000000,7,9,10,11,14,21,30,35,52,72,73,173314,0,7,7.820143195557443,2.3262500180862844,2937.554333009757,52.69330232987526
1775700595,10,,Aggregated,1157.700000,0.000000,7,9,10,11,14,21,30,35,52,72,73,173314,0,7,7.820143195557443,2.3262500180862844,2937.554333009757,52.69330232987526
1775700596,10,GET,/test,1141.300000,0.000000,7,9,10,11,15,23,32,36,52,72,73,174476,0,7,7.8244712880924405,2.3262500180862844,2937.554333009757,52.69534491849882
1775700596,10,,Aggregated,1141.300000,0.000000,7,9,10,11,15,23,32,36,52,72,73,174476,0,7,7.8244712880924405,2.3262500180862844,2937.554333009757,52.69534491849882
1775700597,10,GET,/test,1121.900000,0.000000,7,9,10,11,16,24,32,37,52,72,73,175657,0,7,7.82796296733011,2.3262500180862844,2937.554333009757,52.697393215186416
1775700597,10,,Aggregated,1121.900000,0.000000,7,9,10,11,16,24,32,37,52,72,73,175657,0,7,7.82796296733011,2.3262500180862844,2937.554333009757,52.697393215186416
1775700598,10,GET,/test,1106.100000,0.000000,7,8,10,10,15,24,33,37,52,72,73,176811,0,7,7.832654723175715,2.3262500180862844,2937.554333009757,52.69936825197527
1775700598,10,,Aggregated,1106.100000,0.000000,7,8,10,10,15,24,33,37,52,72,73,176811,0,7,7.832654723175715,2.3262500180862844,2937.554333009757,52.69936825197527
1775700599,10,GET,/test,1078.600000,0.000000,7,8,9,10,15,24,33,37,52,72,73,177928,0,7,7.838952915142526,2.3262500180862844,2937.554333009757,52.70125556404838
1775700599,10,,Aggregated,1078.600000,0.000000,7,8,9,10,15,24,33,37,52,72,73,177928,0,7,7.838952915142526,2.3262500180862844,2937.554333009757,52.70125556404838
1775700600,10,GET,/test,1063.000000,0.000000,7,8,9,10,15,26,35,39,52,72,73,178873,0,7,7.8528058074644465,2.3262500180862844,2937.554333009757,52.70283385418705
1775700600,10,,Aggregated,1063.000000,0.000000,7,8,9,10,15,26,35,39,52,72,73,178873,0,7,7.8528058074644465,2.3262500180862844,2937.554333009757,52.70283385418705
1775700601,10,GET,/test,1099.100000,0.000000,7,8,9,10,14,26,35,38,46,72,73,179873,0,7,7.863985068321867,2.3262500180862844,2937.554333009757,52.704485942859684
1775700601,10,,Aggregated,1099.100000,0.000000,7,8,9,10,14,26,35,38,46,72,73,179873,0,7,7.863985068321867,2.3262500180862844,2937.554333009757,52.704485942859684
1775700602,10,GET,/test,1090.300000,0.000000,7,8,9,10,14,28,37,40,47,58,58,180833,0,7,7.877079564230545,2.3262500180862844,2937.554333009757,52.70605475770462
1775700602,10,,Aggregated,1090.300000,0.000000,7,8,9,10,14,28,37,40,47,58,58,180833,0,7,7.877079564230545,2.3262500180862844,2937.554333009757,52.70605475770462
1775700603,10,GET,/test,1096.900000,0.000000,7,8,9,10,15,30,37,41,47,58,58,181713,0,7,7.8932995852407295,2.3262500180862844,2937.554333009757,52.70747827618277
1775700603,10,,Aggregated,1096.900000,0.000000,7,8,9,10,15,30,37,41,47,58,58,181713,0,7,7.8932995852407295,2.3262500180862844,2937.554333009757,52.70747827618277
1775700604,10,GET,/test,1112.100000,0.000000,7,8,9,10,16,31,39,42,50,58,58,182577,0,7,7.910031005794096,2.3262500180862844,2937.554333009757,52.70886256209709
1775700604,10,,Aggregated,1112.100000,0.000000,7,8,9,10,16,31,39,42,50,58,58,182577,0,7,7.910031005794096,2.3262500180862844,2937.554333009757,52.70886256209709
1775700605,10,GET,/test,1092.900000,0.000000,7,8,9,10,17,32,39,42,50,58,58,183665,0,7,7.916458717690062,2.3262500180862844,2937.554333009757,52.70758173849128
1775700605,10,,Aggregated,1092.900000,0.000000,7,8,9,10,17,32,39,42,50,58,58,183665,0,7,7.916458717690062,2.3262500180862844,2937.554333009757,52.70758173849128
1775700606,10,GET,/test,1057.400000,0.000000,7,8,9,10,15,31,39,42,50,58,58,184972,0,7,7.913575138834268,2.3262500180862844,2937.554333009757,52.70620958847826
1775700606,10,,Aggregated,1057.400000,0.000000,7,8,9,10,15,31,39,42,50,58,58,184972,0,7,7.913575138834268,2.3262500180862844,2937.554333009757,52.70620958847826
1775700607,10,GET,/test,1041.400000,0.000000,7,8,9,10,14,29,39,42,50,58,58,186328,0,7,7.907629144817866,2.3262500180862844,2937.554333009757,52.7045371602765
1775700607,10,,Aggregated,1041.400000,0.000000,7,8,9,10,14,29,39,42,50,58,58,186328,0,7,7.907629144817866,2.3262500180862844,2937.554333009757,52.7045371602765
1775700608,10,GET,/test,1031.500000,0.000000,7,8,9,10,13,28,39,42,50,58,58,187767,0,7,7.900079783023478,2.3262500180862844,2937.554333009757,52.70411733691224
1775700608,10,,Aggregated,1031.500000,0.000000,7,8,9,10,13,28,39,42,50,58,58,187767,0,7,7.900079783023478,2.3262500180862844,2937.554333009757,52.70411733691224
1775700609,10,GET,/test,1056.000000,0.000000,7,8,9,10,12,21,37,42,50,58,58,189221,0,7,7.890953996273917,2.3262500180862844,2937.554333009757,52.70408147087268
1775700609,10,,Aggregated,1056.000000,0.000000,7,8,9,10,12,21,37,42,50,58,58,189221,0,7,7.890953996273917,2.3262500180862844,2937.554333009757,52.70408147087268
1775700610,10,GET,/test,1077.700000,0.000000,7,8,9,9,12,17,35,40,50,58,58,190669,0,7,7.882307345632981,2.3262500180862844,2937.554333009757,52.70366971033571
1775700610,10,,Aggregated,1077.700000,0.000000,7,8,9,9,12,17,35,40,50,58,58,190669,0,7,7.882307345632981,2.3262500180862844,2937.554333009757,52.70366971033571
1775700611,10,GET,/test,1100.500000,0.000000,7,8,9,9,11,14,32,39,47,51,52,192083,0,7,7.875282121825838,2.3262500180862844,2937.554333009757,52.7033261662927
1775700611,10,,Aggregated,1100.500000,0.000000,7,8,9,9,11,14,32,39,47,51,52,192083,0,7,7.875282121825838,2.3262500180862844,2937.554333009757,52.7033261662927
1775700612,10,GET,/test,1147.100000,0.000000,7,8,8,9,11,13,22,35,47,51,51,193524,0,7,7.867104637573822,2.3262500180862844,2937.554333009757,52.70305491825303
1775700612,10,,Aggregated,1147.100000,0.000000,7,8,8,9,11,13,22,35,47,51,51,193524,0,7,7.867104637573822,2.3262500180862844,2937.554333009757,52.70305491825303
1775700613,10,GET,/test,1190.900000,0.000000,7,8,8,9,10,12,17,25,43,50,51,194827,0,7,7.864790558680283,2.3262500180862844,2937.554333009757,52.70247450302063
1775700613,10,,Aggregated,1190.900000,0.000000,7,8,8,9,10,12,17,25,43,50,51,194827,0,7,7.864790558680283,2.3262500180862844,2937.554333009757,52.70247450302063
1775700614,10,GET,/test,1237.000000,0.000000,6,7,8,9,10,12,15,19,37,43,49,196244,0,7,7.858017798743029,2.3262500180862844,2937.554333009757,52.70208515929149
1775700614,10,,Aggregated,1237.000000,0.000000,6,7,8,9,10,12,15,19,37,43,49,196244,0,7,7.858017798743029,2.3262500180862844,2937.554333009757,52.70208515929149
1775700615,10,GET,/test,1288.300000,0.000000,6,7,8,8,10,11,14,16,27,37,39,197685,0,7,7.850352286504059,2.3262500180862844,2937.554333009757,52.7018893694514
1775700615,10,,Aggregated,1288.300000,0.000000,6,7,8,8,10,11,14,16,27,37,39,197685,0,7,7.850352286504059,2.3262500180862844,2937.554333009757,52.7018893694514
1775700616,10,GET,/test,1328.900000,0.000000,6,7,8,8,10,11,13,15,26,37,39,199091,0,7,7.8439770076769175,2.3262500180862844,2937.554333009757,52.70157365224947
1775700616,10,,Aggregated,1328.900000,0.000000,6,7,8,8,10,11,13,15,26,37,39,199091,0,7,7.8439770076769175,2.3262500180862844,2937.554333009757,52.70157365224947
1775700617,10,GET,/test,1375.700000,0.000000,6,7,8,8,10,11,13,16,25,35,35,200477,0,7,7.838774469171207,2.3262500180862844,2937.554333009757,52.70121759603346
1775700617,10,,Aggregated,1375.700000,0.000000,6,7,8,8,10,11,13,16,25,35,35,200477,0,7,7.838774469171207,2.3262500180862844,2937.554333009757,52.70121759603346
1775700618,10,GET,/test,1406.700000,0.000000,7,7,8,9,10,12,14,16,25,35,35,201676,0,7,7.840683830100504,2.3262500180862844,2937.554333009757,52.70088161209068
1775700618,10,,Aggregated,1406.700000,0.000000,7,7,8,9,10,12,14,16,25,35,35,201676,0,7,7.840683830100504,2.3262500180862844,2937.554333009757,52.70088161209068
1775700619,10,GET,/test,1411.500000,0.000000,7,8,8,9,10,12,14,17,26,35,35,202964,0,7,7.8391314849179405,2.3262500180862844,2937.554333009757,52.70055773437654
1775700619,10,,Aggregated,1411.500000,0.000000,7,8,8,9,10,12,14,17,26,35,35,202964,0,7,7.8391314849179405,2.3262500180862844,2937.554333009757,52.70055773437654
1775700620,10,GET,/test,1406.600000,0.000000,7,8,8,9,10,12,15,18,28,38,40,204229,0,7,7.838572524716768,2.3262500180862844,2937.554333009757,52.69984674066856
1775700620,10,,Aggregated,1406.600000,0.000000,7,8,8,9,10,12,15,18,28,38,40,204229,0,7,7.838572524716768,2.3262500180862844,2937.554333009757,52.69984674066856
1775700621,10,GET,/test,1386.400000,0.000000,7,8,8,9,11,13,16,19,31,38,40,205532,0,7,7.836822495718904,2.3262500180862844,2937.554333009757,52.69929256758072
1775700621,10,,Aggregated,1386.400000,0.000000,7,8,8,9,11,13,16,19,31,38,40,205532,0,7,7.836822495718904,2.3262500180862844,2937.554333009757,52.69929256758072
1775700622,10,GET,/test,1367.000000,0.000000,7,8,8,9,11,13,17,20,32,38,40,206749,0,7,7.838106556075165,2.3262500180862844,2937.554333009757,52.698649086573575
1775700622,10,,Aggregated,1367.000000,0.000000,7,8,8,9,11,13,17,20,32,38,40,206749,0,7,7.838106556075165,2.3262500180862844,2937.554333009757,52.698649086573575
1775700623,10,GET,/test,1351.700000,0.000000,7,8,8,9,11,13,17,22,32,38,40,208002,0,7,7.837956357514266,2.3262500180862844,2937.554333009757,52.697983673233914
1775700623,10,,Aggregated,1351.700000,0.000000,7,8,8,9,11,13,17,22,32,38,40,208002,0,7,7.837956357514266,2.3262500180862844,2937.554333009757,52.697983673233914
1775700624,10,GET,/test,1335.600000,0.000000,7,8,9,9,11,14,19,24,32,38,40,209250,0,7,7.838056440439004,2.3262500180862844,2937.554333009757,52.6973476702509
1775700624,10,,Aggregated,1335.600000,0.000000,7,8,9,9,11,14,19,24,32,38,40,209250,0,7,7.838056440439004,2.3262500180862844,2937.554333009757,52.6973476702509
1775700625,10,GET,/test,1314.800000,0.000000,7,8,9,9,11,15,20,25,34,38,40,210502,0,7,7.838686927511792,2.3262500180862844,2937.554333009757,52.69675822557505
1775700625,10,,Aggregated,1314.800000,0.000000,7,8,9,9,11,15,20,25,34,38,40,210502,0,7,7.838686927511792,2.3262500180862844,2937.554333009757,52.69675822557505
1775700626,10,GET,/test,1313.800000,0.000000,7,8,9,9,12,15,21,26,35,38,40,211777,0,7,7.837970080481544,2.3262500180862844,2937.554333009757,52.69656289398754
1775700626,10,,Aggregated,1313.800000,0.000000,7,8,9,9,12,15,21,26,35,38,40,211777,0,7,7.837970080481544,2.3262500180862844,2937.554333009757,52.69656289398754
1775700627,10,GET,/test,1291.100000,0.000000,7,8,9,9,12,16,22,26,35,38,40,213057,0,7,7.836822978435811,2.3262500180862844,2937.554333009757,52.69838587795754
1775700627,10,,Aggregated,1291.100000,0.000000,7,8,9,9,12,16,22,26,35,38,40,213057,0,7,7.836822978435811,2.3262500180862844,2937.554333009757,52.69838587795754
1775700628,10,GET,/test,1277.900000,0.000000,7,8,9,9,12,16,23,26,35,38,40,214333,0,7,7.836228666730256,2.3262500180862844,2937.554333009757,52.700181493283814
1775700628,10,,Aggregated,1277.900000,0.000000,7,8,9,9,12,16,23,26,35,38,40,214333,0,7,7.836228666730256,2.3262500180862844,2937.554333009757,52.700181493283814
1775700629,10,GET,/test,1264.200000,0.000000,7,8,9,9,12,16,23,27,35,38,40,215577,0,7,7.836359983013314,2.3262500180862844,2937.554333009757,52.701911613947686
1775700629,10,,Aggregated,1264.200000,0.000000,7,8,9,9,12,16,23,27,35,38,40,215577,0,7,7.836359983013314,2.3262500180862844,2937.554333009757,52.701911613947686
1775700630,10,GET,/test,1258.500000,0.000000,7,8,9,9,12,17,24,27,36,39,39,216785,0,7,7.837940510063166,2.3262500180862844,2937.554333009757,52.70357266416034
1775700630,10,,Aggregated,1258.500000,0.000000,7,8,9,9,12,17,24,27,36,39,39,216785,0,7,7.837940510063166,2.3262500180862844,2937.554333009757,52.70357266416034
1775700631,10,GET,/test,1261.100000,0.000000,7,8,9,9,12,18,25,28,37,42,45,217963,0,7,7.841268609351858,2.3262500180862844,2937.554333009757,52.70517473149113
1775700631,10,,Aggregated,1261.100000,0.000000,7,8,9,9,12,18,25,28,37,42,45,217963,0,7,7.841268609351858,2.3262500180862844,2937.554333009757,52.70517473149113
1775700632,10,GET,/test,1260.400000,0.000000,7,8,9,9,13,18,25,28,37,42,45,219163,0,7,7.842945499684701,2.3262500180862844,2937.554333009757,52.70678901091881
1775700632,10,,Aggregated,1260.400000,0.000000,7,8,9,9,13,18,25,28,37,42,45,219163,0,7,7.842945499684701,2.3262500180862844,2937.554333009757,52.70678901091881
1775700633,10,GET,/test,1251.700000,0.000000,7,8,9,9,13,19,26,29,38,43,45,220352,0,7,7.845174958059802,2.3262500180862844,2937.554333009757,52.70837115161196
1775700633,10,,Aggregated,1251.700000,0.000000,7,8,9,9,13,19,26,29,38,43,45,220352,0,7,7.845174958059802,2.3262500180862844,2937.554333009757,52.70837115161196
1775700634,10,GET,/test,1242.500000,0.000000,7,8,9,9,13,19,26,29,38,43,45,221565,0,7,7.846809714344,2.3262500180862844,2937.554333009757,52.70996772956018
1775700634,10,,Aggregated,1242.500000,0.000000,7,8,9,9,13,19,26,29,38,43,45,221565,0,7,7.846809714344,2.3262500180862844,2937.554333009757,52.70996772956018
1775700635,10,GET,/test,1239.700000,0.000000,7,8,9,9,13,21,27,31,39,45,46,222765,0,7,7.849125004004603,2.3262500180862844,2937.554333009757,52.71153008776064
1775700635,10,,Aggregated,1239.700000,0.000000,7,8,9,9,13,21,27,31,39,45,46,222765,0,7,7.849125004004603,2.3262500180862844,2937.554333009757,52.71153008776064
1775700636,10,GET,/test,1231.300000,0.000000,7,8,9,9,14,21,27,31,39,45,46,223944,0,7,7.851698429761629,2.3262500180862844,2937.554333009757,52.713048797913764
1775700636,10,,Aggregated,1231.300000,0.000000,7,8,9,9,14,21,27,31,39,45,46,223944,0,7,7.851698429761629,2.3262500180862844,2937.554333009757,52.713048797913764
1775700637,10,GET,/test,1231.300000,0.000000,7,8,9,9,14,22,28,32,40,46,46,225088,0,7,7.855716934620369,2.3262500180862844,2937.554333009757,52.71450721495593
1775700637,10,,Aggregated,1231.300000,0.000000,7,8,9,9,14,22,28,32,40,46,46,225088,0,7,7.855716934620369,2.3262500180862844,2937.554333009757,52.71450721495593
